Datetime,Water Level (m)
2025-10-28 18:00:00,0.52340406
2025-10-28 19:00:00,0.6582756
2025-10-28 20:00:00,0.658559
2025-10-28 21:00:00,0.53312
2025-10-28 22:00:00,0.33672097
2025-10-28 23:00:00,0.14148352
2025-10-29 00:00:00,-0.056249328
2025-10-29 01:00:00,-0.2149585
2025-10-29 02:00:00,-0.25012732
2025-10-29 03:00:00,-0.18384255
2025-10-29 04:00:00,-0.08573034
2025-10-29 05:00:00,0.021965358
2025-10-29 06:00:00,0.1652405
2025-10-29 07:00:00,0.27879342
2025-10-29 08:00:00,0.3360928
2025-10-29 09:00:00,0.3060457
2025-10-29 10:00:00,0.19053052
2025-10-29 11:00:00,0.0461748
2025-10-29 12:00:00,-0.081994295
2025-10-29 13:00:00,-0.17088091
2025-10-29 14:00:00,-0.22595908
2025-10-29 15:00:00,-0.17029266
2025-10-29 16:00:00,-0.038618438
2025-10-29 17:00:00,0.12745449
2025-10-29 18:00:00,0.29168165
2025-10-29 19:00:00,0.45784265
2025-10-29 20:00:00,0.5746002
2025-10-29 21:00:00,0.5878923
2025-10-29 22:00:00,0.49787095
2025-10-29 23:00:00,0.36428335
2025-10-30 00:00:00,0.19877748
2025-10-30 01:00:00,0.0047245235
2025-10-30 02:00:00,-0.16156505
2025-10-30 03:00:00,-0.2584256
2025-10-30 04:00:00,-0.2618849
2025-10-30 05:00:00,-0.18253195
2025-10-30 06:00:00,-0.05126348
2025-10-30 07:00:00,0.11114723
2025-10-30 08:00:00,0.26445794
2025-10-30 09:00:00,0.36133024
2025-10-30 10:00:00,0.37130255
2025-10-30 11:00:00,0.2900321
2025-10-30 12:00:00,0.17673267
2025-10-30 13:00:00,0.044784058
2025-10-30 14:00:00,-0.08617395
2025-10-30 15:00:00,-0.1673249
2025-10-30 16:00:00,-0.18584174
2025-10-30 17:00:00,-0.12187006
2025-10-30 18:00:00,-0.0010739273
2025-10-30 19:00:00,0.18700066
2025-10-30 20:00:00,0.3900588
2025-10-30 21:00:00,0.5348745
2025-10-30 22:00:00,0.5981894
2025-10-30 23:00:00,0.56518406
2025-10-31 00:00:00,0.43121997
2025-10-31 01:00:00,0.23060137
2025-10-31 02:00:00,0.012159309
2025-10-31 03:00:00,-0.2036749
2025-10-31 04:00:00,-0.35977423
2025-10-31 05:00:00,-0.4047427
2025-10-31 06:00:00,-0.33957797
2025-10-31 07:00:00,-0.17246981
2025-10-31 08:00:00,0.049648292
2025-10-31 09:00:00,0.2925302
2025-10-31 10:00:00,0.45518622
2025-10-31 11:00:00,0.48285618
2025-10-31 12:00:00,0.428154
2025-10-31 13:00:00,0.29795954
2025-10-31 14:00:00,0.104896046
2025-10-31 15:00:00,-0.08303603
2025-10-31 16:00:00,-0.22479968
2025-10-31 17:00:00,-0.30745178
2025-10-31 18:00:00,-0.2915283
2025-10-31 19:00:00,-0.13975708
2025-10-31 20:00:00,0.10533044
2025-10-31 21:00:00,0.36727026
2025-10-31 22:00:00,0.5769517
2025-10-31 23:00:00,0.70461744
2025-11-01 00:00:00,0.6908995
2025-11-01 01:00:00,0.53522307
2025-11-01 02:00:00,0.28100836
2025-11-01 03:00:00,-0.014280868
2025-11-01 04:00:00,-0.29270396
2025-11-01 05:00:00,-0.48631215
2025-11-01 06:00:00,-0.53134173
2025-11-01 07:00:00,-0.4182116
2025-11-01 08:00:00,-0.18059981
2025-11-01 09:00:00,0.14465292
2025-11-01 10:00:00,0.4556792
2025-11-01 11:00:00,0.6774679
2025-11-01 12:00:00,0.78088045
2025-11-01 13:00:00,0.7240399
2025-11-01 14:00:00,0.5252711
2025-11-01 15:00:00,0.23224777
2025-11-01 16:00:00,-0.050048918
2025-11-01 17:00:00,-0.28224784
2025-11-01 18:00:00,-0.4245711
2025-11-01 19:00:00,-0.38663003
2025-11-01 20:00:00,-0.1727778
2025-11-01 21:00:00,0.14359252
2025-11-01 22:00:00,0.47244993
2025-11-01 23:00:00,0.74222106
2025-11-02 00:00:00,0.88193554
2025-11-02 01:00:00,0.8323158
2025-11-02 02:00:00,0.63616955
2025-11-02 03:00:00,0.30308983
2025-11-02 04:00:00,-0.09026719
2025-11-02 05:00:00,-0.42193034
2025-11-02 06:00:00,-0.6465896
2025-11-02 07:00:00,-0.68595105
2025-11-02 08:00:00,-0.50646716
2025-11-02 09:00:00,-0.161526
2025-11-02 10:00:00,0.2579612
2025-11-02 11:00:00,0.63146406
2025-11-02 12:00:00,0.9060421
2025-11-02 13:00:00,0.98773396
2025-11-02 14:00:00,0.87373245
2025-11-02 15:00:00,0.5948438
2025-11-02 16:00:00,0.21228687
2025-11-02 17:00:00,-0.17112167
2025-11-02 18:00:00,-0.4863497
2025-11-02 19:00:00,-0.6611328
2025-11-02 20:00:00,-0.562896
2025-11-02 21:00:00,-0.2734127
2025-11-02 22:00:00,0.118731156
2025-11-02 23:00:00,0.53548694
2025-11-03 00:00:00,0.8418158
2025-11-03 01:00:00,0.9745888
2025-11-03 02:00:00,0.8971842
2025-11-03 03:00:00,0.6186088
2025-11-03 04:00:00,0.21188779
2025-11-03 05:00:00,-0.24416542
2025-11-03 06:00:00,-0.6177973
2025-11-03 07:00:00,-0.86129904
2025-11-03 08:00:00,-0.8406397
2025-11-03 09:00:00,-0.5283225
2025-11-03 10:00:00,-0.082676426
2025-11-03 11:00:00,0.4694754
2025-11-03 12:00:00,0.9352088
2025-11-03 13:00:00,1.224817
2025-11-03 14:00:00,1.2334875
2025-11-03 15:00:00,1.033183
2025-11-03 16:00:00,0.6240133
2025-11-03 17:00:00,0.16022651
2025-11-03 18:00:00,-0.30202362
